Model,RMSE,MAE
Baseline (Global Mean),0.7709697085672595,0.662432955710299
Item-Item CF,0.3828751723954932,0.2001098838857145
User-User CF,0.1776348632668167,0.03202820678272445
